Kelompok Usia,Jumlah Perempuan Tahun 2005,Jumlah Kelahiran Perempuan 2005,Jumlah Perempuan Tahun 2020,bi,pi
0 - 14,1215003,354,1524356,0.00029,0.99601
15 - 29,1310235,934532,1210153,0.71326,0.99675
30 - 49,1186738,634934,1305972,0.53502,0.99680
50 - 64,1602215,0,1182938,0,0.93123
>65,982532,0,1492034,0,0
